Patient ID,ER,PR,HER2,Mol Subtype
Breast_MRI_001,0,0,1,2
Breast_MRI_002,0,0,0,3
Breast_MRI_003,1,1,0,0
Breast_MRI_004,1,1,0,0
Breast_MRI_005,1,0,1,1
Breast_MRI_006,1,1,0,0
Breast_MRI_007,1,1,1,1
Breast_MRI_008,1,1,1,1
Breast_MRI_009,0,0,0,3
Breast_MRI_010,0,0,0,3
Breast_MRI_011,0,0,0,3
Breast_MRI_012,0,0,0,3
Breast_MRI_013,1,1,0,0
Breast_MRI_014,1,1,1,1
Breast_MRI_015,1,1,1,1
Breast_MRI_016,1,1,0,0
Breast_MRI_017,0,0,1,2
Breast_MRI_018,1,1,0,0
Breast_MRI_019,1,1,0,0
Breast_MRI_020,0,0,0,3
Breast_MRI_021,1,1,0,0
Breast_MRI_022,1,1,1,1
Breast_MRI_023,1,1,0,0
Breast_MRI_024,1,1,0,0
Breast_MRI_025,1,1,0,0
Breast_MRI_026,1,1,0,0
Breast_MRI_027,1,1,1,1
Breast_MRI_028,0,0,0,3
Breast_MRI_029,1,0,0,0
Breast_MRI_030,1,1,0,0
Breast_MRI_031,1,1,0,0
Breast_MRI_032,1,1,0,0
Breast_MRI_033,1,1,0,0
Breast_MRI_034,1,1,0,0
Breast_MRI_035,1,1,0,0
Breast_MRI_036,1,0,0,0
Breast_MRI_037,0,0,0,3
Breast_MRI_038,1,1,1,1
Breast_MRI_039,0,0,0,3
Breast_MRI_040,1,1,0,0
Breast_MRI_041,1,1,0,0
Breast_MRI_042,0,0,0,3
Breast_MRI_043,0,0,0,3
Breast_MRI_044,0,0,1,2
Breast_MRI_045,0,1,1,1
Breast_MRI_046,1,1,0,0
Breast_MRI_047,1,1,0,0
Breast_MRI_048,0,0,0,3
Breast_MRI_049,1,1,0,0
Breast_MRI_050,1,1,0,0
Breast_MRI_051,1,1,1,1
Breast_MRI_052,1,0,0,0
Breast_MRI_053,1,1,0,0
Breast_MRI_054,1,1,0,0
Breast_MRI_055,0,0,0,3
Breast_MRI_056,1,1,1,1
Breast_MRI_057,1,1,1,1
Breast_MRI_058,1,1,0,0
Breast_MRI_059,0,0,0,3
Breast_MRI_060,0,0,0,3
Breast_MRI_061,0,0,0,3
Breast_MRI_062,1,1,0,0
Breast_MRI_063,0,0,1,2
Breast_MRI_064,0,0,0,3
Breast_MRI_065,1,1,0,0
Breast_MRI_066,1,1,0,0
Breast_MRI_067,1,1,0,0
Breast_MRI_068,0,0,1,2
Breast_MRI_069,1,1,0,0
Breast_MRI_070,1,1,0,0
Breast_MRI_071,1,1,0,0
Breast_MRI_072,1,1,0,0
Breast_MRI_073,1,1,0,0
Breast_MRI_074,0,0,1,2
Breast_MRI_075,1,1,0,0
Breast_MRI_076,1,1,0,0
Breast_MRI_077,0,0,0,3
Breast_MRI_078,0,0,0,3
Breast_MRI_079,1,1,0,0
Breast_MRI_080,1,1,0,0
Breast_MRI_081,1,1,0,0
Breast_MRI_082,1,1,0,0
Breast_MRI_083,1,1,0,0
Breast_MRI_084,1,1,0,0
Breast_MRI_085,1,0,0,0
Breast_MRI_086,1,1,1,1
Breast_MRI_087,1,1,0,0
Breast_MRI_088,1,1,0,0
Breast_MRI_089,1,0,0,0
Breast_MRI_090,0,0,1,2
Breast_MRI_091,1,1,0,0
Breast_MRI_092,1,1,0,0
Breast_MRI_093,1,0,0,0
Breast_MRI_094,1,0,1,1
Breast_MRI_095,1,1,1,1
Breast_MRI_096,0,0,1,2
Breast_MRI_097,0,0,0,3
Breast_MRI_098,1,1,0,0
Breast_MRI_099,0,0,0,3
Breast_MRI_100,1,1,0,0
Breast_MRI_101,1,1,0,0
Breast_MRI_102,1,1,0,0
Breast_MRI_103,1,1,1,1
Breast_MRI_104,1,1,0,0
Breast_MRI_105,0,0,1,2
Breast_MRI_106,0,0,0,3
Breast_MRI_107,0,0,0,3
Breast_MRI_108,0,0,1,2
Breast_MRI_109,1,1,0,0
Breast_MRI_110,1,1,0,0
Breast_MRI_111,1,1,0,0
Breast_MRI_112,1,0,0,0
Breast_MRI_113,1,1,0,0
Breast_MRI_114,1,1,0,0
Breast_MRI_115,1,0,1,1
Breast_MRI_116,1,0,1,1
Breast_MRI_117,0,0,0,3
Breast_MRI_118,1,1,0,0
Breast_MRI_119,1,1,1,1
Breast_MRI_120,1,1,0,0
Breast_MRI_121,1,1,0,0
Breast_MRI_122,0,0,0,3
Breast_MRI_123,1,0,0,0
Breast_MRI_124,1,1,0,0
Breast_MRI_125,1,1,0,0
Breast_MRI_126,1,1,0,0
Breast_MRI_127,1,1,0,0
Breast_MRI_128,1,1,0,0
Breast_MRI_129,0,0,0,3
Breast_MRI_130,1,0,0,0
Breast_MRI_131,1,1,0,0
Breast_MRI_132,0,0,0,3
Breast_MRI_133,1,1,1,1
Breast_MRI_134,1,1,1,1
Breast_MRI_135,0,1,0,0
Breast_MRI_136,1,1,0,0
Breast_MRI_137,1,1,0,0
Breast_MRI_138,1,1,0,0
Breast_MRI_139,0,0,0,3
Breast_MRI_140,1,1,0,0
Breast_MRI_141,1,1,1,1
Breast_MRI_142,0,1,0,0
Breast_MRI_143,1,1,1,1
Breast_MRI_144,0,0,1,2
Breast_MRI_145,1,1,0,0
Breast_MRI_146,1,1,1,1
Breast_MRI_147,1,1,0,0
Breast_MRI_148,0,0,0,3
Breast_MRI_149,1,1,0,0
Breast_MRI_150,1,1,0,0
Breast_MRI_151,1,1,0,0
Breast_MRI_152,1,1,0,0
Breast_MRI_153,1,0,0,0
Breast_MRI_154,1,1,0,0
Breast_MRI_155,1,1,0,0
Breast_MRI_156,1,0,1,1
Breast_MRI_157,1,0,0,0
Breast_MRI_158,0,0,0,3
Breast_MRI_159,0,0,1,2
Breast_MRI_160,0,0,0,3
Breast_MRI_161,0,0,1,2
Breast_MRI_162,1,1,0,0
Breast_MRI_163,0,1,0,0
Breast_MRI_164,1,1,1,1
Breast_MRI_165,1,1,0,0
Breast_MRI_166,0,0,0,3
Breast_MRI_167,1,1,0,0
Breast_MRI_168,1,1,0,0
Breast_MRI_169,1,1,0,0
Breast_MRI_170,1,1,0,0
Breast_MRI_171,1,1,0,0
Breast_MRI_172,0,0,0,3
Breast_MRI_173,1,1,0,0
Breast_MRI_174,1,1,0,0
Breast_MRI_175,0,1,0,0
Breast_MRI_176,1,1,0,0
Breast_MRI_177,1,1,1,1
Breast_MRI_178,0,0,0,3
Breast_MRI_179,0,0,1,2
Breast_MRI_180,1,1,0,0
Breast_MRI_181,1,1,0,0
Breast_MRI_182,1,0,0,0
Breast_MRI_183,1,0,1,1
Breast_MRI_184,1,1,0,0
Breast_MRI_185,1,1,0,0
Breast_MRI_186,1,1,0,0
Breast_MRI_187,0,0,0,3
Breast_MRI_188,1,1,0,0
Breast_MRI_189,1,0,1,1
Breast_MRI_190,1,1,0,0
Breast_MRI_191,1,1,0,0
Breast_MRI_192,1,1,0,0
Breast_MRI_193,1,1,0,0
Breast_MRI_194,1,1,0,0
Breast_MRI_195,1,1,1,1
Breast_MRI_196,1,1,0,0
Breast_MRI_197,1,1,0,0
Breast_MRI_198,1,1,0,0
Breast_MRI_199,1,1,0,0
Breast_MRI_200,1,0,1,1
Breast_MRI_201,1,1,0,0
Breast_MRI_202,0,0,1,2
Breast_MRI_203,1,0,1,1
Breast_MRI_204,1,1,0,0
Breast_MRI_205,1,0,0,0
Breast_MRI_206,1,1,0,0
Breast_MRI_207,1,1,0,0
Breast_MRI_208,1,1,0,0
Breast_MRI_209,0,0,0,3
Breast_MRI_210,0,0,0,3
Breast_MRI_211,0,0,0,3
Breast_MRI_212,1,1,0,0
Breast_MRI_213,0,0,0,3
Breast_MRI_214,1,1,1,1
Breast_MRI_215,1,1,0,0
Breast_MRI_216,0,1,0,0
Breast_MRI_217,0,0,0,3
Breast_MRI_218,0,0,0,3
Breast_MRI_219,0,0,0,3
Breast_MRI_220,0,0,0,3
Breast_MRI_221,0,0,0,3
Breast_MRI_222,1,1,1,1
Breast_MRI_223,1,0,0,0
Breast_MRI_224,1,1,0,0
Breast_MRI_225,0,0,0,3
Breast_MRI_226,1,1,0,0
Breast_MRI_227,1,1,0,0
Breast_MRI_228,1,1,0,0
Breast_MRI_229,1,1,0,0
Breast_MRI_230,1,1,0,0
Breast_MRI_231,1,1,0,0
Breast_MRI_232,1,1,0,0
Breast_MRI_233,0,0,0,3
Breast_MRI_234,1,0,1,1
Breast_MRI_235,1,1,0,0
Breast_MRI_236,1,1,0,0
Breast_MRI_237,1,0,0,0
Breast_MRI_238,1,1,0,0
Breast_MRI_239,1,1,1,1
Breast_MRI_240,1,1,0,0
Breast_MRI_241,1,0,0,0
Breast_MRI_242,1,1,0,0
Breast_MRI_243,1,0,0,0
Breast_MRI_244,1,1,1,1
Breast_MRI_245,1,1,0,0
Breast_MRI_246,1,1,1,1
Breast_MRI_247,1,1,0,0
Breast_MRI_248,1,1,0,0
Breast_MRI_249,0,0,1,2
Breast_MRI_250,0,0,1,2
Breast_MRI_251,1,1,0,0
Breast_MRI_252,1,1,1,1
Breast_MRI_253,1,1,1,1
Breast_MRI_254,1,0,0,0
Breast_MRI_255,1,1,1,1
Breast_MRI_256,1,0,1,1
Breast_MRI_257,1,1,0,0
Breast_MRI_258,0,0,0,3
Breast_MRI_259,1,1,0,0
Breast_MRI_260,1,0,1,1
Breast_MRI_261,1,0,0,0
Breast_MRI_262,1,1,1,1
Breast_MRI_263,1,1,0,0
Breast_MRI_264,1,1,0,0
Breast_MRI_265,0,0,0,3
Breast_MRI_266,0,0,0,3
Breast_MRI_267,0,0,0,3
Breast_MRI_268,1,1,0,0
Breast_MRI_269,1,0,0,0
Breast_MRI_270,1,1,0,0
Breast_MRI_271,0,0,0,3
Breast_MRI_272,1,1,0,0
Breast_MRI_273,1,1,0,0
Breast_MRI_274,1,1,0,0
Breast_MRI_275,0,0,0,3
Breast_MRI_276,1,1,0,0
Breast_MRI_277,1,0,0,0
Breast_MRI_278,1,0,0,0
Breast_MRI_279,1,1,0,0
Breast_MRI_280,1,1,0,0
Breast_MRI_281,0,1,0,0
Breast_MRI_282,0,0,0,3
Breast_MRI_283,0,0,0,3
Breast_MRI_284,0,0,0,3
Breast_MRI_285,1,1,0,0
Breast_MRI_286,0,0,0,3
Breast_MRI_287,1,1,0,0
Breast_MRI_288,0,0,0,3
Breast_MRI_289,1,1,0,0
Breast_MRI_290,1,1,0,0
Breast_MRI_291,1,1,0,0
Breast_MRI_292,1,1,0,0
Breast_MRI_293,0,0,0,3
Breast_MRI_294,1,1,0,0
Breast_MRI_295,1,1,0,0
Breast_MRI_296,1,1,0,0
Breast_MRI_297,0,0,1,2
Breast_MRI_298,1,0,0,0
Breast_MRI_299,1,1,0,0
Breast_MRI_300,1,0,1,1
Breast_MRI_301,1,0,0,0
Breast_MRI_302,1,1,1,1
Breast_MRI_303,1,1,0,0
Breast_MRI_304,1,1,0,0
Breast_MRI_305,1,1,0,0
Breast_MRI_306,0,0,1,2
Breast_MRI_307,0,0,0,3
Breast_MRI_308,1,1,1,1
Breast_MRI_309,1,1,0,0
Breast_MRI_310,1,0,0,0
Breast_MRI_311,1,1,0,0
Breast_MRI_312,1,1,0,0
Breast_MRI_313,1,0,0,0
Breast_MRI_314,0,0,0,3
Breast_MRI_315,0,0,0,3
Breast_MRI_316,1,1,0,0
Breast_MRI_317,0,1,0,0
Breast_MRI_318,1,0,0,0
Breast_MRI_319,1,1,0,0
Breast_MRI_320,1,1,0,0
Breast_MRI_321,0,0,1,2
Breast_MRI_322,1,1,0,0
Breast_MRI_323,1,1,0,0
Breast_MRI_324,1,1,0,0
Breast_MRI_325,0,0,0,3
Breast_MRI_326,1,0,0,0
Breast_MRI_327,1,0,1,1
Breast_MRI_328,1,1,1,1
Breast_MRI_329,0,0,0,3
Breast_MRI_330,1,0,0,0
Breast_MRI_331,1,0,0,0
Breast_MRI_332,1,1,0,0
Breast_MRI_333,1,1,0,0
Breast_MRI_334,0,0,0,3
Breast_MRI_335,1,1,0,0
Breast_MRI_336,1,1,0,0
Breast_MRI_337,1,0,0,0
Breast_MRI_338,1,1,0,0
Breast_MRI_339,1,1,0,0
Breast_MRI_340,1,1,0,0
Breast_MRI_341,1,1,0,0
Breast_MRI_342,1,1,0,0
Breast_MRI_343,1,1,0,0
Breast_MRI_344,0,0,1,2
Breast_MRI_345,1,1,1,1
Breast_MRI_346,1,1,0,0
Breast_MRI_347,1,1,0,0
Breast_MRI_348,1,1,1,1
Breast_MRI_349,0,0,0,3
Breast_MRI_350,1,0,0,0
Breast_MRI_351,1,1,0,0
Breast_MRI_352,1,1,0,0
Breast_MRI_353,1,1,1,1
Breast_MRI_354,1,1,0,0
Breast_MRI_355,1,1,0,0
Breast_MRI_356,1,1,0,0
Breast_MRI_357,1,1,0,0
Breast_MRI_358,1,1,0,0
Breast_MRI_359,1,1,0,0
Breast_MRI_360,0,0,0,3
Breast_MRI_361,1,1,0,0
Breast_MRI_362,0,0,0,3
Breast_MRI_363,0,0,0,3
Breast_MRI_364,1,1,0,0
Breast_MRI_365,1,1,0,0
Breast_MRI_366,0,0,1,2
Breast_MRI_367,1,1,0,0
Breast_MRI_368,1,1,1,1
Breast_MRI_369,1,1,1,1
Breast_MRI_370,1,1,0,0
Breast_MRI_371,0,0,0,3
Breast_MRI_372,1,1,0,0
Breast_MRI_373,0,0,1,2
Breast_MRI_374,1,1,0,0
Breast_MRI_375,0,0,0,3
Breast_MRI_376,1,1,0,0
Breast_MRI_377,0,0,0,3
Breast_MRI_378,1,0,0,0
Breast_MRI_379,1,1,0,0
Breast_MRI_380,1,1,0,0
Breast_MRI_381,1,1,0,0
Breast_MRI_382,1,1,0,0
Breast_MRI_383,0,0,0,3
Breast_MRI_384,1,1,0,0
Breast_MRI_385,1,1,0,0
Breast_MRI_386,0,0,1,2
Breast_MRI_387,1,1,0,0
Breast_MRI_388,0,0,0,3
Breast_MRI_389,1,0,0,0
Breast_MRI_390,1,1,0,0
Breast_MRI_391,1,1,1,1
Breast_MRI_392,1,1,0,0
Breast_MRI_393,1,1,0,0
Breast_MRI_394,1,1,1,1
Breast_MRI_395,0,0,1,2
Breast_MRI_396,1,1,0,0
Breast_MRI_397,1,1,1,1
Breast_MRI_398,0,0,0,3
Breast_MRI_399,1,0,0,0
Breast_MRI_400,0,0,1,2
Breast_MRI_401,1,1,0,0
Breast_MRI_402,1,1,0,0
Breast_MRI_403,0,0,1,2
Breast_MRI_404,1,1,0,0
Breast_MRI_405,1,1,0,0
Breast_MRI_406,1,1,0,0
Breast_MRI_407,1,1,0,0
Breast_MRI_408,1,0,0,0
Breast_MRI_409,1,1,0,0
Breast_MRI_410,1,1,0,0
Breast_MRI_411,1,1,1,1
Breast_MRI_412,1,1,0,0
Breast_MRI_413,1,1,0,0
Breast_MRI_414,1,0,1,1
Breast_MRI_415,1,1,0,0
Breast_MRI_416,1,1,0,0
Breast_MRI_417,1,1,0,0
Breast_MRI_418,1,1,0,0
Breast_MRI_419,1,1,0,0
Breast_MRI_420,0,0,0,3
Breast_MRI_421,1,1,0,0
Breast_MRI_422,0,0,1,2
Breast_MRI_423,1,1,0,0
Breast_MRI_424,1,0,1,1
Breast_MRI_425,1,1,0,0
Breast_MRI_426,1,1,0,0
Breast_MRI_427,1,1,0,0
Breast_MRI_428,1,1,0,0
Breast_MRI_429,0,0,1,2
Breast_MRI_430,1,1,0,0
Breast_MRI_431,0,0,1,2
Breast_MRI_432,1,1,0,0
Breast_MRI_433,1,1,0,0
Breast_MRI_434,1,1,0,0
Breast_MRI_435,0,1,1,1
Breast_MRI_436,1,1,0,0
Breast_MRI_437,0,0,0,3
Breast_MRI_438,0,0,0,3
Breast_MRI_439,1,1,0,0
Breast_MRI_440,1,1,0,0
Breast_MRI_441,1,1,0,0
Breast_MRI_442,1,1,0,0
Breast_MRI_443,1,1,0,0
Breast_MRI_444,0,0,1,2
Breast_MRI_445,1,1,0,0
Breast_MRI_446,1,0,0,0
Breast_MRI_447,1,1,0,0
Breast_MRI_448,1,0,0,0
Breast_MRI_449,1,1,0,0
Breast_MRI_450,1,1,0,0
Breast_MRI_451,1,1,0,0
Breast_MRI_452,1,1,0,0
Breast_MRI_453,1,1,0,0
Breast_MRI_454,1,1,0,0
Breast_MRI_455,1,1,0,0
Breast_MRI_456,0,0,0,3
Breast_MRI_457,1,0,0,0
Breast_MRI_458,1,1,0,0
Breast_MRI_459,1,1,0,0
Breast_MRI_460,0,0,0,3
Breast_MRI_461,1,1,0,0
Breast_MRI_462,1,1,0,0
Breast_MRI_463,0,0,0,3
Breast_MRI_464,1,0,0,0
Breast_MRI_465,1,0,0,0
Breast_MRI_466,1,1,1,1
Breast_MRI_467,1,1,0,0
Breast_MRI_468,0,0,1,2
Breast_MRI_469,1,0,0,0
Breast_MRI_470,0,0,1,2
Breast_MRI_471,1,1,0,0
Breast_MRI_472,1,1,0,0
Breast_MRI_473,1,1,1,1
Breast_MRI_474,0,0,0,3
Breast_MRI_475,0,0,0,3
Breast_MRI_476,1,1,0,0
Breast_MRI_477,1,1,0,0
Breast_MRI_478,0,0,0,3
Breast_MRI_479,1,1,0,0
Breast_MRI_480,1,0,0,0
Breast_MRI_481,1,1,0,0
Breast_MRI_482,0,0,0,3
Breast_MRI_483,1,1,0,0
Breast_MRI_484,1,1,0,0
Breast_MRI_485,0,0,0,3
Breast_MRI_486,1,1,0,0
Breast_MRI_487,1,1,0,0
Breast_MRI_488,0,0,0,3
Breast_MRI_489,0,0,0,3
Breast_MRI_490,1,1,0,0
Breast_MRI_491,1,1,1,1
Breast_MRI_492,1,1,0,0
Breast_MRI_493,1,1,0,0
Breast_MRI_494,0,0,0,3
Breast_MRI_495,1,1,0,0
Breast_MRI_496,1,1,1,1
Breast_MRI_497,0,0,0,3
Breast_MRI_498,1,1,0,0
Breast_MRI_499,0,0,1,2
Breast_MRI_500,1,0,0,0
Breast_MRI_501,1,0,0,0
Breast_MRI_502,1,1,0,0
Breast_MRI_503,1,1,0,0
Breast_MRI_504,1,1,0,0
Breast_MRI_505,1,1,0,0
Breast_MRI_506,1,1,0,0
Breast_MRI_507,1,0,0,0
Breast_MRI_508,1,1,1,1
Breast_MRI_509,0,0,0,3
Breast_MRI_510,1,1,0,0
Breast_MRI_511,1,1,0,0
Breast_MRI_512,1,1,0,0
Breast_MRI_513,1,1,0,0
Breast_MRI_514,0,0,0,3
Breast_MRI_515,1,1,0,0
Breast_MRI_516,1,1,0,0
Breast_MRI_517,0,1,0,0
Breast_MRI_518,1,1,0,0
Breast_MRI_519,0,0,1,2
Breast_MRI_520,0,0,0,3
Breast_MRI_521,1,0,0,0
Breast_MRI_522,1,1,0,0
Breast_MRI_523,0,0,0,3
Breast_MRI_524,1,0,0,0
Breast_MRI_525,0,0,1,2
Breast_MRI_526,1,1,0,0
Breast_MRI_527,1,1,0,0
Breast_MRI_528,1,1,0,0
Breast_MRI_529,1,1,0,0
Breast_MRI_530,1,1,0,0
Breast_MRI_531,1,1,0,0
Breast_MRI_532,1,1,0,0
Breast_MRI_533,1,1,0,0
Breast_MRI_534,1,1,0,0
Breast_MRI_535,0,0,0,3
Breast_MRI_536,1,1,0,0
Breast_MRI_537,1,1,0,0
Breast_MRI_538,1,1,0,0
Breast_MRI_539,1,0,1,1
Breast_MRI_540,1,1,0,0
Breast_MRI_541,1,1,1,1
Breast_MRI_542,1,1,0,0
Breast_MRI_543,0,0,0,3
Breast_MRI_544,1,0,1,1
Breast_MRI_545,1,1,1,1
Breast_MRI_546,1,0,1,1
Breast_MRI_547,1,1,0,0
Breast_MRI_548,1,1,0,0
Breast_MRI_549,1,1,0,0
Breast_MRI_550,1,1,0,0
Breast_MRI_551,1,1,0,0
Breast_MRI_552,1,1,1,1
Breast_MRI_553,1,1,0,0
Breast_MRI_554,1,1,0,0
Breast_MRI_555,1,1,0,0
Breast_MRI_556,1,1,0,0
Breast_MRI_557,1,1,0,0
Breast_MRI_558,0,0,1,2
Breast_MRI_559,0,0,1,2
Breast_MRI_560,1,1,0,0
Breast_MRI_561,1,1,0,0
Breast_MRI_562,0,0,0,3
Breast_MRI_563,1,1,0,0
Breast_MRI_564,1,1,0,0
Breast_MRI_565,0,0,0,3
Breast_MRI_566,1,1,0,0
Breast_MRI_567,0,0,1,2
Breast_MRI_568,0,0,0,3
Breast_MRI_569,1,1,0,0
Breast_MRI_570,1,1,0,0
Breast_MRI_571,0,0,0,3
Breast_MRI_572,0,0,0,3
Breast_MRI_573,1,1,0,0
Breast_MRI_574,0,0,0,3
Breast_MRI_575,1,1,0,0
Breast_MRI_576,1,1,0,0
Breast_MRI_577,0,0,1,2
Breast_MRI_578,1,1,1,1
Breast_MRI_579,1,0,1,1
Breast_MRI_580,1,1,0,0
Breast_MRI_581,1,0,0,0
Breast_MRI_582,0,0,0,3
Breast_MRI_583,1,1,0,0
Breast_MRI_584,1,1,0,0
Breast_MRI_585,1,1,0,0
Breast_MRI_586,1,1,0,0
Breast_MRI_587,1,1,0,0
Breast_MRI_588,1,1,0,0
Breast_MRI_589,1,0,0,0
Breast_MRI_590,1,0,0,0
Breast_MRI_591,0,0,0,3
Breast_MRI_592,1,1,0,0
Breast_MRI_593,0,0,0,3
Breast_MRI_594,1,0,0,0
Breast_MRI_595,1,1,0,0
Breast_MRI_596,1,1,0,0
Breast_MRI_597,1,1,0,0
Breast_MRI_598,1,1,0,0
Breast_MRI_599,1,1,0,0
Breast_MRI_600,1,1,0,0
Breast_MRI_601,1,1,0,0
Breast_MRI_602,1,1,0,0
Breast_MRI_603,1,1,0,0
Breast_MRI_604,0,0,1,2
Breast_MRI_605,1,1,0,0
Breast_MRI_606,1,0,1,1
Breast_MRI_607,0,0,0,3
Breast_MRI_608,1,1,1,1
Breast_MRI_609,1,1,0,0
Breast_MRI_610,1,1,1,1
Breast_MRI_611,1,0,0,0
Breast_MRI_612,0,0,0,3
Breast_MRI_613,1,1,0,0
Breast_MRI_614,0,0,0,3
Breast_MRI_615,1,1,0,0
Breast_MRI_616,0,0,0,3
Breast_MRI_617,1,1,0,0
Breast_MRI_618,1,0,0,0
Breast_MRI_619,1,1,0,0
Breast_MRI_620,1,1,1,1
Breast_MRI_621,1,1,0,0
Breast_MRI_622,1,1,1,1
Breast_MRI_623,1,1,0,0
Breast_MRI_624,1,1,0,0
Breast_MRI_625,1,1,0,0
Breast_MRI_626,1,1,0,0
Breast_MRI_627,1,1,0,0
Breast_MRI_628,1,1,0,0
Breast_MRI_629,1,1,0,0
Breast_MRI_630,1,1,0,0
Breast_MRI_631,0,0,0,3
Breast_MRI_632,0,0,1,2
Breast_MRI_633,1,1,0,0
Breast_MRI_634,1,1,0,0
Breast_MRI_635,0,0,0,3
Breast_MRI_636,0,0,0,3
Breast_MRI_637,1,1,0,0
Breast_MRI_638,1,1,0,0
Breast_MRI_639,1,1,0,0
Breast_MRI_640,1,1,0,0
Breast_MRI_641,0,0,0,3
Breast_MRI_642,1,0,1,1
Breast_MRI_643,1,1,0,0
Breast_MRI_644,1,1,0,0
Breast_MRI_645,0,0,0,3
Breast_MRI_646,1,1,0,0
Breast_MRI_647,1,1,0,0
Breast_MRI_648,1,1,0,0
Breast_MRI_649,1,1,0,0
Breast_MRI_650,1,1,0,0
Breast_MRI_651,1,1,0,0
Breast_MRI_652,0,0,1,2
Breast_MRI_653,1,1,0,0
Breast_MRI_654,1,1,0,0
Breast_MRI_655,1,0,0,0
Breast_MRI_656,0,0,0,3
Breast_MRI_657,1,1,0,0
Breast_MRI_658,1,1,1,1
Breast_MRI_659,0,0,0,3
Breast_MRI_660,0,0,0,3
Breast_MRI_661,0,0,0,3
Breast_MRI_662,0,0,0,3
Breast_MRI_663,1,1,1,1
Breast_MRI_664,1,1,1,1
Breast_MRI_665,1,1,0,0
Breast_MRI_666,0,1,1,1
Breast_MRI_667,0,0,0,3
Breast_MRI_668,0,0,0,3
Breast_MRI_669,1,1,0,0
Breast_MRI_670,1,1,0,0
Breast_MRI_671,1,1,0,0
Breast_MRI_672,0,0,0,3
Breast_MRI_673,1,1,0,0
Breast_MRI_674,0,0,1,2
Breast_MRI_675,1,1,0,0
Breast_MRI_676,1,1,0,0
Breast_MRI_677,1,1,0,0
Breast_MRI_678,1,1,0,0
Breast_MRI_679,0,0,1,2
Breast_MRI_680,1,1,0,0
Breast_MRI_681,1,0,1,1
Breast_MRI_682,1,0,0,0
Breast_MRI_683,0,0,1,2
Breast_MRI_684,1,1,0,0
Breast_MRI_685,1,1,0,0
Breast_MRI_686,1,1,0,0
Breast_MRI_687,0,0,1,2
Breast_MRI_688,0,0,0,3
Breast_MRI_689,1,1,0,0
Breast_MRI_690,1,1,0,0
Breast_MRI_691,1,1,0,0
Breast_MRI_692,1,1,1,1
Breast_MRI_693,1,1,1,1
Breast_MRI_694,1,1,0,0
Breast_MRI_695,1,0,0,0
Breast_MRI_696,1,1,0,0
Breast_MRI_697,1,1,0,0
Breast_MRI_698,1,1,1,1
Breast_MRI_699,1,1,0,0
Breast_MRI_700,1,1,0,0
Breast_MRI_701,1,1,0,0
Breast_MRI_702,1,1,0,0
Breast_MRI_703,1,1,0,0
Breast_MRI_704,1,1,0,0
Breast_MRI_705,1,1,0,0
Breast_MRI_706,1,1,0,0
Breast_MRI_707,1,1,1,1
Breast_MRI_708,1,0,0,0
Breast_MRI_709,1,1,0,0
Breast_MRI_710,0,0,0,3
Breast_MRI_711,1,1,0,0
Breast_MRI_712,1,0,0,0
Breast_MRI_713,1,1,0,0
Breast_MRI_714,1,1,0,0
Breast_MRI_715,1,0,0,0
Breast_MRI_716,1,1,0,0
Breast_MRI_717,1,1,1,1
Breast_MRI_718,1,1,0,0
Breast_MRI_719,1,1,1,1
Breast_MRI_720,1,1,0,0
Breast_MRI_721,1,1,0,0
Breast_MRI_722,1,1,1,1
Breast_MRI_723,0,0,0,3
Breast_MRI_724,1,0,0,0
Breast_MRI_725,1,1,0,0
Breast_MRI_726,0,0,0,3
Breast_MRI_727,1,1,0,0
Breast_MRI_728,1,1,0,0
Breast_MRI_729,0,0,0,3
Breast_MRI_730,1,1,0,0
Breast_MRI_731,1,0,0,0
Breast_MRI_732,0,0,0,3
Breast_MRI_733,1,1,0,0
Breast_MRI_734,1,1,0,0
Breast_MRI_735,1,1,1,1
Breast_MRI_736,1,0,0,0
Breast_MRI_737,1,1,0,0
Breast_MRI_738,1,1,0,0
Breast_MRI_739,1,0,0,0
Breast_MRI_740,1,1,0,0
Breast_MRI_741,1,1,0,0
Breast_MRI_742,1,1,0,0
Breast_MRI_743,1,1,0,0
Breast_MRI_744,1,1,0,0
Breast_MRI_745,1,1,0,0
Breast_MRI_746,1,1,0,0
Breast_MRI_747,1,1,0,0
Breast_MRI_748,0,0,1,2
Breast_MRI_749,1,1,0,0
Breast_MRI_750,1,1,0,0
Breast_MRI_751,1,0,0,0
Breast_MRI_752,1,1,0,0
Breast_MRI_753,1,1,0,0
Breast_MRI_754,0,0,0,3
Breast_MRI_755,0,0,0,3
Breast_MRI_756,1,1,0,0
Breast_MRI_757,0,0,0,3
Breast_MRI_758,0,0,1,2
Breast_MRI_759,1,1,0,0
Breast_MRI_760,1,1,0,0
Breast_MRI_761,1,1,0,0
Breast_MRI_762,0,0,0,3
Breast_MRI_763,0,0,1,2
Breast_MRI_764,1,1,0,0
Breast_MRI_765,1,1,0,0
Breast_MRI_766,1,1,0,0
Breast_MRI_767,0,0,0,3
Breast_MRI_768,1,1,0,0
Breast_MRI_769,0,0,0,3
Breast_MRI_770,1,1,0,0
Breast_MRI_771,1,1,0,0
Breast_MRI_772,1,0,0,0
Breast_MRI_773,0,0,0,3
Breast_MRI_774,0,0,0,3
Breast_MRI_775,0,0,1,2
Breast_MRI_776,1,1,0,0
Breast_MRI_777,1,1,0,0
Breast_MRI_778,0,0,0,3
Breast_MRI_779,0,0,0,3
Breast_MRI_780,0,0,0,3
Breast_MRI_781,1,1,0,0
Breast_MRI_782,1,1,1,1
Breast_MRI_783,1,0,0,0
Breast_MRI_784,1,1,1,1
Breast_MRI_785,1,0,0,0
Breast_MRI_786,1,1,0,0
Breast_MRI_787,1,1,0,0
Breast_MRI_788,0,0,0,3
Breast_MRI_789,1,1,0,0
Breast_MRI_790,0,0,0,3
Breast_MRI_791,1,1,0,0
Breast_MRI_792,0,0,0,3
Breast_MRI_793,0,0,0,3
Breast_MRI_794,1,1,0,0
Breast_MRI_795,1,1,0,0
Breast_MRI_796,1,1,0,0
Breast_MRI_797,0,0,1,2
Breast_MRI_798,1,1,0,0
Breast_MRI_799,1,1,0,0
Breast_MRI_800,1,1,0,0
Breast_MRI_801,1,1,0,0
Breast_MRI_802,1,1,0,0
Breast_MRI_803,1,1,0,0
Breast_MRI_804,0,1,0,0
Breast_MRI_805,1,0,0,0
Breast_MRI_806,0,0,0,3
Breast_MRI_807,0,0,0,3
Breast_MRI_808,1,1,0,0
Breast_MRI_809,1,0,0,0
Breast_MRI_810,0,0,0,3
Breast_MRI_811,0,0,0,3
Breast_MRI_812,1,1,1,1
Breast_MRI_813,0,0,0,3
Breast_MRI_814,1,0,0,0
Breast_MRI_815,1,1,0,0
Breast_MRI_816,1,1,0,0
Breast_MRI_817,0,0,0,3
Breast_MRI_818,1,1,0,0
Breast_MRI_819,1,1,0,0
Breast_MRI_820,0,0,1,2
Breast_MRI_821,1,1,0,0
Breast_MRI_822,1,1,1,1
Breast_MRI_823,1,1,0,0
Breast_MRI_824,1,0,0,0
Breast_MRI_825,1,1,0,0
Breast_MRI_826,1,1,1,1
Breast_MRI_827,1,1,0,0
Breast_MRI_828,1,1,0,0
Breast_MRI_829,1,1,0,0
Breast_MRI_830,0,0,0,3
Breast_MRI_831,1,1,0,0
Breast_MRI_832,0,0,0,3
Breast_MRI_833,0,0,0,3
Breast_MRI_834,1,0,1,1
Breast_MRI_835,0,0,1,2
Breast_MRI_836,1,1,0,0
Breast_MRI_837,1,1,0,0
Breast_MRI_838,0,0,1,2
Breast_MRI_839,0,0,0,3
Breast_MRI_840,1,1,0,0
Breast_MRI_841,1,1,0,0
Breast_MRI_842,1,1,0,0
Breast_MRI_843,1,1,0,0
Breast_MRI_844,1,1,0,0
Breast_MRI_845,1,0,0,0
Breast_MRI_846,1,1,0,0
Breast_MRI_847,1,1,1,1
Breast_MRI_848,1,1,0,0
Breast_MRI_849,1,1,0,0
Breast_MRI_850,0,0,0,3
Breast_MRI_851,1,1,0,0
Breast_MRI_852,1,1,0,0
Breast_MRI_853,0,0,0,3
Breast_MRI_854,1,0,0,0
Breast_MRI_855,1,1,0,0
Breast_MRI_856,1,1,0,0
Breast_MRI_857,1,1,0,0
Breast_MRI_858,1,1,0,0
Breast_MRI_859,1,1,0,0
Breast_MRI_860,1,1,0,0
Breast_MRI_861,1,1,0,0
Breast_MRI_862,1,0,0,0
Breast_MRI_863,1,1,0,0
Breast_MRI_864,1,1,0,0
Breast_MRI_865,1,1,0,0
Breast_MRI_866,1,1,0,0
Breast_MRI_867,1,1,1,1
Breast_MRI_868,1,1,0,0
Breast_MRI_869,1,1,0,0
Breast_MRI_870,1,1,0,0
Breast_MRI_871,0,0,0,3
Breast_MRI_872,1,1,0,0
Breast_MRI_873,0,0,1,2
Breast_MRI_874,1,1,0,0
Breast_MRI_875,1,1,0,0
Breast_MRI_876,1,1,0,0
Breast_MRI_877,1,1,0,0
Breast_MRI_878,1,1,0,0
Breast_MRI_879,0,0,0,3
Breast_MRI_880,1,1,0,0
Breast_MRI_881,1,1,0,0
Breast_MRI_882,0,0,0,3
Breast_MRI_883,1,1,1,1
Breast_MRI_884,0,0,0,3
Breast_MRI_885,1,1,1,1
Breast_MRI_886,0,0,0,3
Breast_MRI_887,1,1,0,0
Breast_MRI_888,0,1,0,0
Breast_MRI_889,1,1,0,0
Breast_MRI_890,1,1,0,0
Breast_MRI_891,1,1,1,1
Breast_MRI_892,1,1,0,0
Breast_MRI_893,0,0,0,3
Breast_MRI_894,0,0,1,2
Breast_MRI_895,1,1,0,0
Breast_MRI_896,1,1,0,0
Breast_MRI_897,1,1,0,0
Breast_MRI_898,1,1,0,0
Breast_MRI_899,1,1,0,0
Breast_MRI_900,1,1,0,0
Breast_MRI_901,1,1,0,0
Breast_MRI_902,1,1,0,0
Breast_MRI_903,0,0,1,2
Breast_MRI_904,1,1,0,0
Breast_MRI_905,1,1,0,0
Breast_MRI_906,0,0,0,3
Breast_MRI_907,0,0,1,2
Breast_MRI_908,0,0,0,3
Breast_MRI_909,1,1,0,0
Breast_MRI_910,1,1,0,0
Breast_MRI_911,1,0,0,0
Breast_MRI_912,1,1,0,0
Breast_MRI_913,1,1,0,0
Breast_MRI_914,0,0,0,3
Breast_MRI_915,1,0,0,0
Breast_MRI_916,1,1,0,0
Breast_MRI_917,0,0,0,3
Breast_MRI_918,1,1,0,0
Breast_MRI_919,1,1,0,0
Breast_MRI_920,1,1,0,0
Breast_MRI_921,1,1,0,0
Breast_MRI_922,1,1,0,0
